Montag,;1.1.18;9 Uhr;;;;;
;;11 Uhr;;;;;
;;13 Uhr;;;;;
;;15 Uhr;;;;;
;;17 Uhr;;;;;
;;19 Uhr;;;;;
;;;;;;;
Dienstag,;2.1.18;9 Uhr;;;;;
;;11 Uhr;;;;;
;;13 Uhr;;;;;
;;15 Uhr;;;;;
;;17 Uhr;;;;;
;;19 Uhr;;;;;
;;;;;;;
Mittwoch,;3.1.18;9 Uhr;;52;1;7;2
;;11 Uhr;;76;5;15;3
;;13 Uhr;;73;4;14;3
;;15 Uhr;;74;5;12;3
;;17 Uhr;;70;6;9;2
;;19 Uhr;;31;3;4;1
;;;;;;;
Donnerstag,;4.1.18;9 Uhr;;20;0;9;3
;;11 Uhr;;78;1;10;3
;;13 Uhr;;78;3;12;3
;;15 Uhr;;78;2;11;3
;;17 Uhr;;56;0;10;3
;;19 Uhr;;29;0;3;1
;;;;;;;
Freitag,;5.1.18;9 Uhr;;67;0;13;3
;;11 Uhr;;78;1;12;3
;;13 Uhr;;75;0;11;3
;;15 Uhr;;78;3;12;3
;;17 Uhr;;65;2;8;2
;;19 Uhr;;18;2;0;0
;;;;;;;
Samstag,;6.1.18;9 Uhr;;52;0;4;1
;;11 Uhr;;66;0;12;3
;;13 Uhr;;63;0;12;3
;;15 Uhr;;64;2;13;3
;;17 Uhr;;34;2;7;2
;;19 Uhr;;;;;
;;;;;;;
Montag,;8.1.18;9 Uhr;;71;2;9;3
;;11 Uhr;;76;2;7;2
;;13 Uhr;;76;4;8;3
;;15 Uhr;;76;3;8;3
;;17 Uhr;;66;4;10;3
;;19 Uhr;;35;1;5;2
;;;;;;;
Dienstag,;9.1.18;9 Uhr;;73;1;11;3
;;11 Uhr;;78;4;11;3
;;13 Uhr;;75;0;12;3
;;15 Uhr;;75;3;12;3
;;17 Uhr;;73;3;12;3
;;19 Uhr;;39;4;14;3
;;;;;;;
Mittwoch,;10.1.18;9 Uhr;;72;0;9;3
;;11 Uhr;;77;2;10;3
;;13 Uhr;;77;4;11;3
;;15 Uhr;;79;4;12;3
;;17 Uhr;;63;2;12;3
;;19 Uhr;;27;1;3;1
;;;;;;;
Donnerstag,;11.1.18;9 Uhr;;78;1;11;3
;;11 Uhr;;78;0;13;3
;;13 Uhr;;78;3;16;3
;;15 Uhr;;78;2;18;3
;;17 Uhr;;65;0;8;2
;;19 Uhr;;32;2;8;2
;;;;;;;
Freitag,;12.1.18;9 Uhr;;73;3;9;2
;;11 Uhr;;74;3;14;3
;;13 Uhr;;69;2;8;2
;;15 Uhr;;75;8;9;2
;;17 Uhr;;78;5;8;2
;;19 Uhr;;35;2;4;1
;;;;;;;
Samstag,;13.1.18;9 Uhr;;48;2;8;3
;;11 Uhr;;61;1;9;3
;;13 Uhr;;69;0;9;3
;;15 Uhr;;65;3;9;3
;;17 Uhr;;41;1;0;0
;;19 Uhr;;;;;
;;;;;;;
Montag,;15.1.18;9 Uhr;;51;0;0;0
;;11 Uhr;;74;0;2;1
;;13 Uhr;;75;1;0;0
;;15 Uhr;;73;0;3;1
;;17 Uhr;;66;0;7;3
;;19 Uhr;;31;0;0;0
;;;;;;;
Dienstag,;16.1.18;9 Uhr;;49;0;0;0
;;11 Uhr;;78;5;7;3
;;13 Uhr;;79;3;11;3
;;15 Uhr;;73;2;9;3
;;17 Uhr;;55;3;5;1
;;19 Uhr;;25;1;8;2
;;;;;;;
Mittwoch,;17.1.18;9 Uhr;;55;0;9;3
;;11 Uhr;;77;1;9;3
;;13 Uhr;;77;6;12;3
;;15 Uhr;;77;8;12;3
;;17 Uhr;;51;2;6;2
;;19 Uhr;;16;0;4;1
;;;;;;;
Donnerstag,;18.1.18;9 Uhr;;57;0;10;3
;;11 Uhr;;78;1;10;3
;;13 Uhr;;71;3;12;3
;;15 Uhr;;76;2;14;3
;;17 Uhr;;48;4;8;2
;;19 Uhr;;22;0;3;1
;;;;;;;
Freitag,;19.1.18;9 Uhr;;33;0;4;1
;;11 Uhr;;56;2;4;1
;;13 Uhr;;58;0;5;2
;;15 Uhr;;57;2;8;3
;;17 Uhr;;43;0;4;1
;;19 Uhr;;16;2;0;0
;;;;;;;
Samstag,;20.1.18;9 Uhr;;35;0;9;3
;;11 Uhr;;63;1;12;3
;;13 Uhr;;68;0;11;3
;;15 Uhr;;63;0;12;3
;;17 Uhr;;36;0;13;3
;;19 Uhr;;;;;
;;;;;;;
Montag,;22.1.18;9 Uhr;;27;0;6;3
;;11 Uhr;;43;0;9;3
;;13 Uhr;;52;3;9;3
;;15 Uhr;;53;1;8;3
;;17 Uhr;;34;0;9;3
;;19 Uhr;;12;1;0;0
;;;;;;;
Dienstag,;23.1.18;9 Uhr;;25;0;3;1
;;11 Uhr;;55;0;8;2
;;13 Uhr;;66;2;7;2
;;15 Uhr;;70;1;11;3
;;17 Uhr;;58;2;2;1
;;19 Uhr;;19;0;4;2
;;;;;;;
Mittwoch,;24.1.18;9 Uhr;;41;1;12;3
;;11 Uhr;;53;2;11;3
;;13 Uhr;;65;0;11;3
;;15 Uhr;;63;2;10;3
;;17 Uhr;;43;0;10;3
;;19 Uhr;;17;1;2;1
;;;;;;;
Donnerstag,;25.1.18;9 Uhr;;32;1;4;1
;;11 Uhr;;58;0;12;3
;;13 Uhr;;63;2;13;3
;;15 Uhr;;55;2;12;3
;;17 Uhr;;40;2;6;2
;;19 Uhr;;25;0;5;2
;;;;;;;
Freitag,;26.1.18;9 Uhr;;19;0;0;0
;;11 Uhr;;35;1;0;0
;;13 Uhr;;39;0;0;0
;;15 Uhr;;37;3;5;2
;;17 Uhr;;23;0;6;2
;;19 Uhr;;14;1;3;1
;;;;;;;
Samstag,;27.1.18;9 Uhr;;9;1;0;0
;;11 Uhr;;27;2;0;0
;;13 Uhr;;40;0;0;0
;;15 Uhr;;36;0;0;0
;;17 Uhr;;19;1;0;0
;;19 Uhr;;;;;
;;;;;;;
Montag,;29.1.18;9 Uhr;;11;0;0;0
;;11 Uhr;;24;0;0;0
;;13 Uhr;;23;0;2;1
;;15 Uhr;;32;1;0;0
;;17 Uhr;;27;0;0;0
;;19 Uhr;;7;0;0;0
;;;;;;;
Dienstag,;30.1.18;9 Uhr;;5;0;4;1
;;11 Uhr;;22;1;7;2
;;13 Uhr;;31;0;0;0
;;15 Uhr;;39;0;0;0
;;17 Uhr;;37;2;3;1
;;19 Uhr;;16;1;2;1
;;;;;;;
Mittwoch,;31.1.18;9 Uhr;;5;0;0;0
;;11 Uhr;;16;0;3;1
;;13 Uhr;;20;0;8;3
;;15 Uhr;;32;0;6;2
;;17 Uhr;;18;1;3;1
;;19 Uhr;;6;0;0;0
;;;;;;;
Donnerstag,;1.2.18;9 Uhr;;6;0;0;1
;;11 Uhr;;25;0;6;2
;;13 Uhr;;32;1;8;2
;;15 Uhr;;31;3;7;2
;;17 Uhr;;26;1;7;2
;;19 Uhr;;10;0;6;2
;;;;;;;
Freitag,;2.2.18;9 Uhr;;12;0;3;1
;;11 Uhr;;23;0;8;2
;;13 Uhr;;10;1;9;3
;;15 Uhr;;11;0;9;3
;;17 Uhr;;5;1;3;1
;;19 Uhr;;2;0;0;0
;;;;;;;
Samstag,;3.2.18;9 Uhr;;4;1;0;0
;;11 Uhr;;10;0;0;0
;;13 Uhr;;19;1;2;1
;;15 Uhr;;18;0;0;0
;;17 Uhr;;;;;
;;19 Uhr;;;;;
;;;;;;;
Montag,;5.2.18;9 Uhr;;3;0;0;0
;;11 Uhr;;14;0;2;1
;;13 Uhr;;14;0;5;2
;;15 Uhr;;15;1;3;1
;;17 Uhr;;7;0;0;0
;;19 Uhr;;3;0;0;0
;;;;;;;
Dienstag,;6.2.18;9 Uhr;;7;0;0;0
;;11 Uhr;;18;1;0;0
;;13 Uhr;;14;2;5;2
;;15 Uhr;;15;1;5;2
;;17 Uhr;;17;1;6;2
;;19 Uhr;;9;0;3;1
;;;;;;;
Mittwoch,;7.2.18;9 Uhr;;7;0;0;0
;;11 Uhr;;20;0;2;1
;;13 Uhr;;22;1;2;1
;;15 Uhr;;29;0;3;1
;;17 Uhr;;16;2;3;1
;;19 Uhr;;6;0;0;0
;;;;;;;
Donnerstag,;8.2.18;9 Uhr;;14;0;0;0
;;11 Uhr;;21;0;2;1
;;13 Uhr;;24;1;0;0
;;15 Uhr;;37;1;6;2
;;17 Uhr;;19;2;0;0
;;19 Uhr;;;;;
;;;;;;;
Freitag,;9.2.18;9 Uhr;;4;0;0;0
;;11 Uhr;;15;0;3;1
;;13 Uhr;;9;1;0;0
;;15 Uhr;;10;0;3;1
;;17 Uhr;;;;;
;;19 Uhr;;;;;
;;;;;;;
Samstag,;10.2.18;9 Uhr;;;;;
;;11 Uhr;;;;;
;;13 Uhr;;;;;
;;15 Uhr;;;;;
;;17 Uhr;;;;;
;;19 Uhr;;;;;
;;;;;;;
Montag,;12.2.18;9 Uhr;;4;0;0;0
;;11 Uhr;;20;1;0;0
;;13 Uhr;;26;2;2;0
;;15 Uhr;;20;1;0;0
;;17 Uhr;;10;0;0;0
;;19 Uhr;;3;0;0;0
;;;;;;;
Dienstag,;13.2.18;9 Uhr;;6;0;0;0
;;11 Uhr;;19;0;4;2
;;13 Uhr;;26;0;4;2
;;15 Uhr;;31;0;6;3
;;17 Uhr;;23;1;8;3
;;19 Uhr;;9;1;3;1
;;;;;;;
Mittwoch,;14.2.18;9 Uhr;;6;0;3;1
;;11 Uhr;;24;2;2;1
;;13 Uhr;;17;0;5;2
;;15 Uhr;;23;0;9;3
;;17 Uhr;;17;1;7;2
;;19 Uhr;;6;0;2;1
;;;;;;;
Donnerstag,;15.2.18;9 Uhr;;1;0;0;0
;;11 Uhr;;12;0;3;1
;;13 Uhr;;23;1;4;1
;;15 Uhr;;20;2;2;1
;;17 Uhr;;15;1;2;1
;;19 Uhr;;7;2;2;1
;;;;;;;
Freitag,;16.2.18;9 Uhr;;7;0;0;0
;;11 Uhr;;9;1;0;0
;;13 Uhr;;14;1;0;0
;;15 Uhr;;17;0;2;1
;;17 Uhr;;12;1;2;1
;;19 Uhr;;5;0;1;0
;;;;;;;
Samstag,;17.2.18;9 Uhr;;3;0;2;1
;;11 Uhr;;11;0;0;0
;;13 Uhr;;16;2;0;0
;;15 Uhr;;19;3;3;1
;;17 Uhr;;;;;
;;19 Uhr;;;;;
;;;;;;;
Montag,;19.2.18;9 Uhr;;;;;
;;11 Uhr;;;;;
;;13 Uhr;;;;;
;;15 Uhr;;;;;
;;17 Uhr;;;;;
;;19 Uhr;;;;;
;;;;;;;
Dienstag,;20.2.18;9 Uhr;;6;0;0;0
;;11 Uhr;;18;0;3;1
;;13 Uhr;;19;1;5;2
;;15 Uhr;;23;1;4;2
;;17 Uhr;;18;1;0;0
;;19 Uhr;;7;1;2;1
;;;;;;;
Mittwoch,;21.2.18;9 Uhr;;9;0;0;0
;;11 Uhr;;20;3;6;2
;;13 Uhr;;24;2;10;3
;;15 Uhr;;36;0;9;3
;;17 Uhr;;23;0;4;2
;;19 Uhr;;7;0;0;0
;;;;;;;
Donnerstag,;22.2.18;9 Uhr;;10;0;2;1
;;11 Uhr;;29;0;3;1
;;13 Uhr;;22;6;3;1
;;15 Uhr;;29;1;8;2
;;17 Uhr;;26;0;0;0
;;19 Uhr;;5;0;0;0
;;;;;;;
Freitag,;23.2.18;9 Uhr;;5;0;0;0
;;11 Uhr;;17;1;2;1
;;13 Uhr;;28;1;2;1
;;15 Uhr;;42;2;3;1
;;17 Uhr;;26;1;0;0
;;19 Uhr;;8;1;0;0
;;;;;;;
Samstag,;24.2.18;9 Uhr;;9;0;0;0
;;11 Uhr;;17;1;0;0
;;13 Uhr;;21;0;3;1
;;15 Uhr;;32;0;8;3
;;17 Uhr;;;;;
;;19 Uhr;;;;;
;;;;;;;
Montag,;26.2.18;9 Uhr;;10;0;0;0
;;11 Uhr;;20;0;0;0
;;13 Uhr;;28;3;0;0
;;15 Uhr;;25;0;5;2
;;17 Uhr;;26;1;0;0
;;19 Uhr;;15;0;0;0
;;;;;;;
Dienstag,;27.2.18;9 Uhr;;15;0;2;1
;;11 Uhr;;20;0;3;1
;;13 Uhr;;19;1;13;3
;;15 Uhr;;22;2;7;2
;;17 Uhr;;25;0;3;1
;;19 Uhr;;9;0;0;6
;;;;;;;
Mittwoch,;28.2.18;9 Uhr;;6;0;4;1
;;11 Uhr;;22;0;4;1
;;13 Uhr;;31;2;10;2
;;15 Uhr;;37;2;10;2
;;17 Uhr;;29;2;8;3
;;19 Uhr;;12;0;4;2
;;;;;;;
Donnerstag,;1.3.18;9 Uhr;;8;0;13;3
;;11 Uhr;;8;0;15;3
;;13 Uhr;;12;3;3;1
;;15 Uhr;;24;1;6;2
;;17 Uhr;;14;2;6;2
;;19 Uhr;;5;0;0;0
;;;;;;;
Freitag,;2.3.18;9 Uhr;;9;0;2;1
;;11 Uhr;;28;1;2;1
;;13 Uhr;;35;3;0;0
;;15 Uhr;;46;0;3;0
;;17 Uhr;;18;1;0;0
;;19 Uhr;;8;0;0;0
;;;;;;;
Samstag,;3.3.18;9 Uhr;;10;0;0;0
;;11 Uhr;;23;2;0;0
;;13 Uhr;;34;1;0;0
;;15 Uhr;;38;4;0;0
;;17 Uhr;;;;;
;;19 Uhr;;;;;
;;;;;;;
Montag,;5.3.18;9 Uhr;;13;0;7;2
;;11 Uhr;;33;1;4;1
;;13 Uhr;;45;2;2;1
;;15 Uhr;;49;1;4;2
;;17 Uhr;;42;2;2;1
;;19 Uhr;;18;0;0;0
;;;;;;;
Dienstag,;6.3.18;9 Uhr;;6;0;0;0
;;11 Uhr;;21;1;4;2
;;13 Uhr;;34;3;14;3
;;15 Uhr;;42;1;16;3
;;17 Uhr;;41;1;9;3
;;19 Uhr;;9;0;0;0
;;;;;;;
Mittwoch,;7.3.18;9 Uhr;;10;0;0;0
;;11 Uhr;;19;2;9;3
;;13 Uhr;;16;3;8;3
;;15 Uhr;;51;0;9;3
;;17 Uhr;;31;1;6;2
;;19 Uhr;;6;0;0;0
;;;;;;;
Donnerstag,;8.3.18;9 Uhr;;15;0;3;1
;;11 Uhr;;43;0;12;3
;;13 Uhr;;29;0;2;1
;;15 Uhr;;44;0;0;0
;;17 Uhr;;39;1;0;0
;;19 Uhr;;10;0;0;0
;;;;;;;
Freitag,;9.3.18;9 Uhr;;7;0;0;0
;;11 Uhr;;34;0;2;1
;;13 Uhr;;32;1;3;1
;;15 Uhr;;38;1;4;1
;;17 Uhr;;25;0;5;2
;;19 Uhr;;7;0;2;1
;;;;;;;
Samstag,;10.3.18;9 Uhr;;15;1;0;0
;;11 Uhr;;34;0;8;3
;;13 Uhr;;37;2;9;3
;;15 Uhr;;36;0;8;3
;;17 Uhr;;;;;
;;19 Uhr;;;;;
;;;;;;;
Montag,;12.3.18;9 Uhr;;16;1;5;2
;;11 Uhr;;43;3;6;2
;;13 Uhr;;44;1;5;2
;;15 Uhr;;61;2;7;2
;;17 Uhr;;43;2;2;1
;;19 Uhr;;11;0;2;1
;;;;;;;
Dienstag,;13.3.18;9 Uhr;;14;0;2;1
;;11 Uhr;;35;0;11;3
;;13 Uhr;;35;0;2;1
;;15 Uhr;;42;0;7;3
;;17 Uhr;;37;0;8;3
;;19 Uhr;;15;0;0;0
;;;;;;;
Mittwoch,;14.3.18;9 Uhr;;13;0;0;0
;;11 Uhr;;34;0;4;2
;;13 Uhr;;43;1;11;3
;;15 Uhr;;56;1;13;3
;;17 Uhr;;40;1;9;3
;;19 Uhr;;12;0;0;0
;;;;;;;
Donnerstag,;15.3.18;9 Uhr;;11;0;8;2
;;11 Uhr;;34;0;11;3
;;13 Uhr;;44;5;5;2
;;15 Uhr;;43;0;10;3
;;17 Uhr;;38;1;7;3
;;19 Uhr;;15;0;0;0
;;;;;;;
Freitag,;16.3.18;9 Uhr;;6;0;2;1
;;11 Uhr;;37;0;6;3
;;13 Uhr;;34;1;2;1
;;15 Uhr;;42;2;7;2
;;17 Uhr;;29;1;2;1
;;19 Uhr;;8;1;0;0
;;;;;;;
Samstag,;17.3.18;9 Uhr;;9;0;5;1
;;11 Uhr;;35;1;10;3
;;13 Uhr;;33;0;3;1
;;15 Uhr;;38;1;6;3
;;17 Uhr;;;;;
;;19 Uhr;;;;;
;;;;;;;
Montag,;19.3.18;9 Uhr;;;;;
;;11 Uhr;;;;;
;;13 Uhr;;;;;
;;15 Uhr;;;;;
;;17 Uhr;;;;;
;;19 Uhr;;;;;
;;;;;;;
Dienstag,;20.3.18;9 Uhr;;13;0;0;0
;;11 Uhr;;45;0;10;3
;;13 Uhr;;51;0;10;3
;;15 Uhr;;61;2;7;2
;;17 Uhr;;58;2;10;2
;;19 Uhr;;22;9;2;1
;;;;;;;
Mittwoch,;21.3.18;9 Uhr;;18;0;4;2
;;11 Uhr;;33;1;9;3
;;13 Uhr;;34;0;6;2
;;15 Uhr;;47;0;11;3
;;17 Uhr;;40;0;6;2
;;19 Uhr;;12;2;2;1
;;;;;;;
Donnerstag,;22.3.18;9 Uhr;;12;0;14;3
;;11 Uhr;;32;0;15;3
;;13 Uhr;;36;0;14;3
;;15 Uhr;;45;0;14;3
;;17 Uhr;;34;0;14;3
;;19 Uhr;;14;0;0;0
;;;;;;;
Freitag,;23.3.18;9 Uhr;;9;0;0;0
;;11 Uhr;;28;0;5;2
;;13 Uhr;;32;1;4;2
;;15 Uhr;;37;0;8;2
;;17 Uhr;;22;1;8;2
;;19 Uhr;;5;0;3;1
;;;;;;;
Samstag,;24.3.18;9 Uhr;;12;0;0;0
;;11 Uhr;;27;0;10;3
;;13 Uhr;;39;1;8;3
;;15 Uhr;;36;2;8;3
;;17 Uhr;;;;;
;;19 Uhr;;;;;
;;;;;;;
Montag,;26.3.18;9 Uhr;;7;0;4;1
;;11 Uhr;;33;0;12;3
;;13 Uhr;;26;1;11;3
;;15 Uhr;;31;0;10;3
;;17 Uhr;;30;1;11;3
;;19 Uhr;;14;2;2;1
;;;;;0;;
Dienstag,;27.3.18;9 Uhr;;7;0;1;1
;;11 Uhr;;26;0;11;3
;;13 Uhr;;31;3;3;1
;;15 Uhr;;36;4;11;3
;;17 Uhr;;42;2;12;3
;;19 Uhr;;13;0;4;1
;;;;;;;
Mittwoch,;28.3.18;9 Uhr;;7;0;10;3
;;11 Uhr;;34;0;14;3
;;13 Uhr;;32;1;10;3
;;15 Uhr;;49;1;8;2
;;17 Uhr;;36;1;8;2
;;19 Uhr;;9;0;0;0
;;;;;;;
Donnerstag,;29.3.18;9 Uhr;;10;0;5;2
;;11 Uhr;;37;0;12;3
;;13 Uhr;;42;0;7;2
;;15 Uhr;;52;0;9;2
;;17 Uhr;;42;0;3;1
;;19 Uhr;;;;;
;;;;;;;
Freitag,;30.3.18;9 Uhr;;;;;
;;11 Uhr;;;;;
;;13 Uhr;;;;;
;;15 Uhr;;;;;
;;17 Uhr;;;;;
;;19 Uhr;;;;;
;;;;;;;
Samstag,;31.3.18;9 Uhr;;;;;
;;11 Uhr;;;;;
;;13 Uhr;;;;;
;;15 Uhr;;;;;
;;17 Uhr;;;;;
;;19 Uhr;;;;;
;;;;;;;
Montag,;2.4.18;9 Uhr;;;;;
;;11 Uhr;;;;;
;;13 Uhr;;;;;
;;15 Uhr;;;;;
;;17 Uhr;;;;;
;;19 Uhr;;;;;
;;;;;;;
Dienstag,;3.4.18;9 Uhr;;14;0;4;1
;;11 Uhr;;45;0;14;3
;;13 Uhr;;61;0;12;3
;;15 Uhr;;68;1;12;3
;;17 Uhr;;34;2;11;3
;;19 Uhr;;8;2;0;0
;;;;;;;
Mittwoch,;4.4.18;9 Uhr;;24;0;1;1
;;11 Uhr;;48;0;10;3
;;13 Uhr;;61;4;11;3
;;15 Uhr;;60;1;11;3
;;17 Uhr;;36;1;9;3
;;19 Uhr;;12;1;0;0
;;;;;;;
Donnerstag,;5.4.18;9 Uhr;;18;0;10;2
;;11 Uhr;;59;0;15;3
;;13 Uhr;;51;3;9;3
;;15 Uhr;;65;1;9;2
;;17 Uhr;;45;0;9;2
;;19 Uhr;;14;0;2;1
;;;;;;;
Freitag,;6.4.18;9 Uhr;;15;0;2;1
;;11 Uhr;;45;0;8;2
;;13 Uhr;;49;0;10;3
;;15 Uhr;;56;0;11;3
;;17 Uhr;;23;1;4;2
;;19 Uhr;;8;0;0;0
;;;;;;;
Samstag,;7.4.18;9 Uhr;;15;0;0;0
;;11 Uhr;;42;0;3;1
;;13 Uhr;;37;0;3;1
;;15 Uhr;;36;4;8;3
;;17 Uhr;;;;;
;;19 Uhr;;;;;
;;;;;;;
Montag,;9.4.18;9 Uhr;;17;0;7;3
;;11 Uhr;;35;1;12;3
;;13 Uhr;;45;6;7;2
;;15 Uhr;;58;2;9;3
;;17 Uhr;;49;0;5;2
;;19 Uhr;;16;1;3;1
;;;;;;;
Dienstag,;10.4.18;9 Uhr;;18;1;0;0
;;11 Uhr;;44;1;5;2
;;13 Uhr;;36;2;8;3
;;15 Uhr;;58;0;6;2
;;17 Uhr;;39;0;5;2
;;19 Uhr;;14;1;2;1
;;;;;;;
Mittwoch,;11.4.18;9 Uhr;;17;0;0;0
;;11 Uhr;;45;0;13;3
;;13 Uhr;;47;2;10;3
;;15 Uhr;;57;1;0;0
;;17 Uhr;;43;4;0;0
;;19 Uhr;;17;1;2;1
;;;;;;;
Donnerstag,;12.4.18;9 Uhr;;12;0;6;3
;;11 Uhr;;46;0;6;2
;;13 Uhr;;44;1;11;3
;;15 Uhr;;48;1;7;2
;;17 Uhr;;46;1;8;3
;;19 Uhr;;10;0;0;0
;;;;;;;
Freitag,;13.4.18;9 Uhr;;12;0;0;0
;;11 Uhr;;48;0;6;2
;;13 Uhr;;51;0;6;3
;;15 Uhr;;60;2;5;2
;;17 Uhr;;51;2;2;1
;;19 Uhr;;11;1;0;0
;;;;;;;
Samstag,;14.4.18;9 Uhr;;18;0;2;1
;;11 Uhr;;37;0;4;2
;;13 Uhr;;47;0;5;2
;;15 Uhr;;42;1;7;3
;;17 Uhr;;;;;
;;19 Uhr;;;;;
;;;;;;;
Montag,;16.4.18;9 Uhr;;26;0;0;0
;;11 Uhr;;57;2;8;2
;;13 Uhr;;53;2;5;2
;;15 Uhr;;66;3;9;3
;;17 Uhr;;55;1;4;2
;;19 Uhr;;13;1;4;2
;;;;;;;
Dienstag,;17.4.18;9 Uhr;;22;0;0;0
;;11 Uhr;;46;1;2;1
;;13 Uhr;;47;1;0;0
;;15 Uhr;;51;0;0;0
;;17 Uhr;;43;4;3;1
;;19 Uhr;;9;0;0;0
;;;;;;;
Mittwoch,;18.4.18;9 Uhr;;21;0;0;0
;;11 Uhr;;48;0;7;3
;;13 Uhr;;47;0;9;3
;;15 Uhr;;60;0;10;2
;;17 Uhr;;54;0;6;3
;;19 Uhr;;21;0;2;1
;;;;;;;
Donnerstag,;19.4.18;9 Uhr;;11;0;7;3
;;11 Uhr;;45;1;8;3
;;13 Uhr;;26;0;8;3
;;15 Uhr;;36;1;5;2
;;17 Uhr;;52;1;3;1
;;19 Uhr;;27;0;3;3
;;;;;;;
Freitag,;20.4.18;9 Uhr;;9;0;0;0
;;11 Uhr;;43;1;6;2
;;13 Uhr;;51;0;6;2
;;15 Uhr;;59;0;6;2
;;17 Uhr;;45;1;2;1
;;19 Uhr;;16;0;0;0
;;;;;;;
Samstag,;21.4.18;9 Uhr;;16;0;3;1
;;11 Uhr;;32;0;3;1
;;13 Uhr;;35;0;3;1
;;15 Uhr;;43;0;3;1
;;17 Uhr;;;;;
;;19 Uhr;;;;;
;;;;;;;
Montag,;23.4.18;9 Uhr;;11;0;6;2
;;11 Uhr;;37;0;6;2
;;13 Uhr;;38;1;12;3
;;15 Uhr;;63;1;2;1
;;17 Uhr;;48;1;4;2
;;19 Uhr;;9;0;0;0
;;;;;;;
Dienstag,;24.4.18;9 Uhr;;20;0;4;2
;;11 Uhr;;48;1;4;2
;;13 Uhr;;33;0;3;1
;;15 Uhr;;49;1;3;1
;;17 Uhr;;52;2;0;0
;;19 Uhr;;24;0;4;2
;;;;;;;
Mittwoch,;25.4.18;9 Uhr;;19;1;8;3
;;11 Uhr;;43;0;9;3
;;13 Uhr;;41;1;6;2
;;15 Uhr;;49;4;6;2
;;17 Uhr;;51;4;8;3
;;19 Uhr;;25;0;4;2
;;;;;;;
Donnerstag,;26.4.18;9 Uhr;;20;0;7;2
;;11 Uhr;;44;0;9;3
;;13 Uhr;;36;1;13;3
;;15 Uhr;;54;1;9;3
;;17 Uhr;;50;1;4;2
;;19 Uhr;;14;1;7;3
;;;;;;;
Freitag,;27.4.18;9 Uhr;;14;0;0;0
;;11 Uhr;;40;0;7;3
;;13 Uhr;;52;1;5;2
;;15 Uhr;;67;0;10;3
;;17 Uhr;;47;0;3;1
;;19 Uhr;;19;0;0;0
;;;;;;;
Samstag,;28.4.18;9 Uhr;;24;0;2;1
;;11 Uhr;;68;0;7;3
;;13 Uhr;;65;0;8;3
;;15 Uhr;;61;1;6;2
;;17 Uhr;;;;;
;;19 Uhr;;;;;
;;;;;;;
Montag,;30.4.18;9 Uhr;;21;0;5;2
;;11 Uhr;;5;1;12;3
;;13 Uhr;;45;0;2;1
;;15 Uhr;;56;1;5;2
;;17 Uhr;;44;0;9;2
;;19 Uhr;;19;0;4;1
;;;;;;;
Dienstag,;1.5.18;9 Uhr;;;;;
;;11 Uhr;;;;;
;;13 Uhr;;;;;
;;15 Uhr;;;;;
;;17 Uhr;;;;;
;;19 Uhr;;;;;
;;;;;;;
Mittwoch,;2.5.18;9 Uhr;;20;0;9;3
;;11 Uhr;;58;0;12;3
;;13 Uhr;;57;6;8;2
;;15 Uhr;;71;0;9;3
;;17 Uhr;;50;5;6;2
;;19 Uhr;;13;0;3;1
;;;;;;;
Donnerstag,;3.5.18;9 Uhr;;16;0;5;2
;;11 Uhr;;53;0;3;1
;;13 Uhr;;52;1;4;2
;;15 Uhr;;58;1;5;2
;;17 Uhr;;49;0;2;1
;;19 Uhr;;20;0;0;0
;;;;;;;
Freitag,;4.5.18;9 Uhr;;14;0;0;0
;;11 Uhr;;54;2;5;2
;;13 Uhr;;58;3;9;3
;;15 Uhr;;63;2;0;0
;;17 Uhr;;41;3;0;0
;;19 Uhr;;8;0;0;0
;;;;;;;
Samstag,;5.5.18;9 Uhr;;24;1;0;0
;;11 Uhr;;54;0;3;1
;;13 Uhr;;63;2;0;0
;;15 Uhr;;61;3;6;2
;;17 Uhr;;26;0;0;0
;;19 Uhr;;;;;
;;;;;;;
Montag,;7.5.18;9 Uhr;;20;0;6;1
;;11 Uhr;;61;0;7;3
;;13 Uhr;;63;0;7;2
;;15 Uhr;;67;0;0;0
;;17 Uhr;;59;0;2;1
;;19 Uhr;;26;0;0;0
;;;;;;;
Dienstag,;8.5.18;9 Uhr;;23;1;0;0
;;11 Uhr;;48;2;0;0
;;13 Uhr;;51;1;5;1
;;15 Uhr;;59;0;5;2
;;17 Uhr;;41;1;7;2
;;19 Uhr;;15;0;5;2
;;;;;;;
Mittwoch,;9.5.18;9 Uhr;;25;0;0;0
;;11 Uhr;;61;0;15;3
;;13 Uhr;;53;1;8;3
;;15 Uhr;;72;2;2;1
;;17 Uhr;;48;1;0;0
;;19 Uhr;;;;;
;;;;;;;
Donnerstag,;10.5.18;9 Uhr;;;;;
;;11 Uhr;;;;;
;;13 Uhr;;;;;
;;15 Uhr;;;;;
;;17 Uhr;;;;;
;;19 Uhr;;;;;
;;;;;;;
Freitag,;11.5.18;9 Uhr;;16;0;5;2
;;11 Uhr;;64;0;9;3
;;13 Uhr;;67;0;8;3
;;15 Uhr;;71;0;7;2
;;17 Uhr;;52;1;0;0
;;19 Uhr;;27;1;0;0
;;;;;;;
Samstag,;12.5.18;9 Uhr;;33;0;0;0
;;11 Uhr;;60;0;6;3
;;13 Uhr;;70;0;4;1
;;15 Uhr;;65;2;9;3
;;17 Uhr;;33;1;0;0
;;19 Uhr;;;;;
;;;;;;;
Montag,;14.5.18;9 Uhr;;28;0;4;1
;;11 Uhr;;52;0;4;1
;;13 Uhr;;60;0;3;1
;;15 Uhr;;71;1;6;3
;;17 Uhr;;63;0;2;1
;;19 Uhr;;26;0;2;1
;;;;;;;
Dienstag,;15.5.18;9 Uhr;;23;0;9;3
;;11 Uhr;;60;2;11;3
;;13 Uhr;;57;0;8;8
;;15 Uhr;;64;2;12;3
;;17 Uhr;;60;1;2;1
;;19 Uhr;;23;0;2;1
;;;;;;;
Mittwoch,;16.5.18;9 Uhr;;24;0;2;1
;;11 Uhr;;46;1;9;2
;;13 Uhr;;48;1;10;3
;;15 Uhr;;58;0;10;3
;;17 Uhr;;51;0;6;2
;;19 Uhr;;26;1;4;2
;;;;;;;
Donnerstag,;17.5.18;9 Uhr;;28;0;12;3
;;11 Uhr;;58;1;6;2
;;13 Uhr;;72;1;9;3
;;15 Uhr;;71;1;7;2
;;17 Uhr;;64;0;5;1
;;19 Uhr;;34;0;0;0
;;;;;;;
Freitag,;18.5.18;9 Uhr;;34;0;2;1
;;11 Uhr;;62;0;5;2
;;13 Uhr;;71;1;4;2
;;15 Uhr;;74;2;8;3
;;17 Uhr;;37;0;3;1
;;19 Uhr;;18;1;2;1
;;;;;;;
Samstag,;19.5.18;9 Uhr;;31;0;3;1
;;11 Uhr;;65;0;7;3
;;13 Uhr;;78;1;5;2
;;15 Uhr;;74;2;3;1
;;17 Uhr;;53;0;0;0
;;19 Uhr;;;;;
;;;;;;;
Montag,;21.5.18;9 Uhr;;;;;
;;11 Uhr;;;;;
;;13 Uhr;;;;;
;;15 Uhr;;;;;
;;17 Uhr;;;;;
;;19 Uhr;;;;;
;;;;;;;
Dienstag,;22.5.18;9 Uhr;;32;0;3;1
;;11 Uhr;;44;1;9;3
;;13 Uhr;;64;6;10;3
;;15 Uhr;;68;0;9;2
;;17 Uhr;;60;4;1;3
;;19 Uhr;;21;3;4;2
;;;;;;;
Mittwoch,;23.5.18;9 Uhr;;43;0;3;1
;;11 Uhr;;69;2;8;2
;;13 Uhr;;61;2;8;3
;;15 Uhr;;57;3;8;3
;;17 Uhr;;46;1;6;2
;;19 Uhr;;16;1;0;0
;;;;;;;
Donnerstag,;24.5.18;9 Uhr;;39;1;3;1
;;11 Uhr;;65;1;5;2
;;13 Uhr;;59;1;6;2
;;15 Uhr;;60;1;7;1
;;17 Uhr;;57;1;8;2
;;19 Uhr;;28;0;4;1
;;;;;;;
Freitag,;25.5.18;9 Uhr;;22;0;0;0
;;11 Uhr;;49;0;7;3
;;13 Uhr;;65;0;9;3
;;15 Uhr;;64;0;5;2
;;17 Uhr;;52;0;5;2
;;19 Uhr;;25;0;2;1
;;;;;;;
Samstag,;26.5.18;9 Uhr;;28;1;8;3
;;11 Uhr;;41;0;9;3
;;13 Uhr;;52;0;6;3
;;15 Uhr;;62;0;8;3
;;17 Uhr;;42;0;0;0
;;19 Uhr;;;;;
;;;;;;;
Montag,;28.5.18;9 Uhr;;20;0;6;2
;;11 Uhr;;65;1;6;2
;;13 Uhr;;65;0;4;1
;;15 Uhr;;65;0;4;1
;;17 Uhr;;65;0;3;1
;;19 Uhr;;23;0;0;0
;;;;;;;
Dienstag,;29.5.18;9 Uhr;;39;1;2;1
;;11 Uhr;;71;2;11;3
;;13 Uhr;;67;3;11;3
;;15 Uhr;;79;2;12;3
;;17 Uhr;;60;2;3;1
;;19 Uhr;;24;2;0;0
;;;;;;;
Mittwoch,;30.5.18;9 Uhr;;45;0;6;2
;;11 Uhr;;8;0;10;3
;;13 Uhr;;74;1;9;3
;;15 Uhr;;76;2;11;3
;;17 Uhr;;54;1;6;2
;;19 Uhr;;20;1;0;0
;;;;;;;
Donnerstag,;31.5.18;9 Uhr;;60;0;8;3
;;11 Uhr;;78;0;6;2
;;13 Uhr;;78;3;6;3
;;15 Uhr;;79;1;3;2
;;17 Uhr;;63;2;3;1
;;19 Uhr;;28;0;8;3
;;;;;;;
Freitag,;1.6.18;9 Uhr;;51;1;0;0
;;11 Uhr;;78;0;2;1
;;13 Uhr;;73;0;0;0
;;15 Uhr;;73;5;3;1
;;17 Uhr;;52;2;3;1
;;19 Uhr;;25;1;0;0
;;;;;;;
Samstag,;2.6.18;9 Uhr;;61;1;6;2
;;11 Uhr;;77;1;6;2
;;13 Uhr;;75;0;6;2
;;15 Uhr;;70;0;9;3
;;17 Uhr;;45;2;6;2
;;19 Uhr;;;;;
;;;;;;;
Montag,;4.6.18;9 Uhr;;76;2;8;3
;;11 Uhr;;83;2;13;3
;;13 Uhr;;74;3;11;3
;;15 Uhr;;75;5;9;3
;;17 Uhr;;63;4;8;3
;;19 Uhr;;30;1;2;1
;;;;;;;
Dienstag,;5.6.18;9 Uhr;;78;0;8;3
;;11 Uhr;;71;0;10;3
;;13 Uhr;;80;2;9;3
;;15 Uhr;;72;0;10;3
;;17 Uhr;;65;2;11;3
;;19 Uhr;;22;1;3;1
;;;;;;;
Mittwoch,;6.6.18;9 Uhr;;78;0;10;5
;;11 Uhr;;81;2;10;3
;;13 Uhr;;80;3;8;3
;;15 Uhr;;74;2;11;3
;;17 Uhr;;59;1;11;3
;;19 Uhr;;28;3;3;1
;;;;;;;
Donnerstag,;7.6.18;9 Uhr;;74;0;9;3
;;11 Uhr;;79;2;11;3
;;13 Uhr;;80;0;9;3
;;15 Uhr;;80;0;6;2
;;17 Uhr;;60;0;0;0
;;19 Uhr;;22;0;5;2
;;;;;;;
Freitag,;8.6.18;9 Uhr;;79;0;7;3
;;11 Uhr;;81;2;6;2
;;13 Uhr;;78;1;5;1
;;15 Uhr;;72;1;4;1
;;17 Uhr;;50;1;2;1
;;19 Uhr;;17;0;2;1
;;;;;;;
Samstag,;9.6.18;9 Uhr;;69;1;5;3
;;11 Uhr;;72;0;11;3
;;13 Uhr;;74;0;11;3
;;15 Uhr;;73;0;12;3
;;17 Uhr;;25;0;10;3
;;19 Uhr;;;;;
;;;;;;;
Montag,;11.6.18;9 Uhr;;68;1;0;0
;;11 Uhr;;75;2;9;2
;;13 Uhr;;76;0;8;2
;;15 Uhr;;75;0;9;2
;;17 Uhr;;50;1;8;2
;;19 Uhr;;28;1;10;3
;;;;;;;
Dienstag,;12.6.18;9 Uhr;;71;0;1;1
;;11 Uhr;;79;0;5;2
;;13 Uhr;;76;2;5;2
;;15 Uhr;;76;2;5;2
;;17 Uhr;;51;1;5;2
;;19 Uhr;;18;2;6;2
;;;;;;;
Mittwoch,;13.6.18;9 Uhr;;68;0;7;2
;;11 Uhr;;77;1;11;3
;;13 Uhr;;78;4;6;2
;;15 Uhr;;78;3;12;3
;;17 Uhr;;54;2;6;2
;;19 Uhr;;20;1;0;0
;;;;;;;
Donnerstag,;14.6.18;9 Uhr;;65;1;7;2
;;11 Uhr;;74;1;13;3
;;13 Uhr;;67;2;13;3
;;15 Uhr;;75;1;11;3
;;17 Uhr;;46;0;9;3
;;19 Uhr;;20;0;5;2
;;;;;;;
Freitag,;15.6.18;9 Uhr;;65;1;5;2
;;11 Uhr;;81;3;5;2
;;13 Uhr;;79;5;8;3
;;15 Uhr;;78;3;8;3
;;17 Uhr;;48;0;8;2
;;19 Uhr;;12;0;2;1
;;;;;;;
Samstag,;16.6.18;9 Uhr;;44;0;7;3
;;11 Uhr;;51;1;9;3
;;13 Uhr;;48;0;9;3
;;15 Uhr;;49;0;9;3
;;17 Uhr;;32;0;8;3
;;19 Uhr;;;;;
;;;;;;;
Montag,;18.6.18;9 Uhr;;45;1;8;2
;;11 Uhr;;62;1;9;3
;;13 Uhr;;73;2;11;3
;;15 Uhr;;70;1;3;1
;;17 Uhr;;70;0;3;1
;;19 Uhr;;30;1;2;1
;;;;;;;
Dienstag,;19.6.18;9 Uhr;;66;0;3;1
;;11 Uhr;;82;2;5;2
;;13 Uhr;;69;2;3;2
;;15 Uhr;;53;1;3;1
;;17 Uhr;;43;0;5;2
;;19 Uhr;;21;1;2;1
;;;;;;;
Mittwoch,;20.6.18;9 Uhr;;50;0;0;0
;;11 Uhr;;60;0;4;1
;;13 Uhr;;60;0;4;1
;;15 Uhr;;62;0;4;1
;;17 Uhr;;44;0;6;2
;;19 Uhr;;15;0;0;0
;;;;;;;
Donnerstag,;21.6.18;9 Uhr;;53;0;2;1
;;11 Uhr;;69;1;6;2
;;13 Uhr;;65;1;6;2
;;15 Uhr;;68;1;6;2
;;17 Uhr;;45;0;3;1
;;19 Uhr;;19;0;3;1
;;;;;;;
Freitag,;22.6.18;9 Uhr;;43;0;0;0
;;11 Uhr;;55;0;0;0
;;13 Uhr;;49;1;0;0
;;15 Uhr;;54;1;3;1
;;17 Uhr;;34;0;0;0
;;19 Uhr;;8;1;0;0
;;;;;;;
Samstag,;23.6.18;9 Uhr;;27;0;0;0
;;11 Uhr;;51;1;2;1
;;13 Uhr;;49;0;2;1
;;15 Uhr;;51;1;2;1
;;17 Uhr;;39;0;2;1
;;19 Uhr;;;;;
;;;;;;;
Montag,;25.6.18;9 Uhr;;57;0;7;2
;;11 Uhr;;69;1;11;3
;;13 Uhr;;68;0;11;3
;;15 Uhr;;66;1;6;2
;;17 Uhr;;50;1;6;2
;;19 Uhr;;18;0;6;2
;;;;;;;
Dienstag,;26.6.18;9 Uhr;;44;0;2;1
;;11 Uhr;;58;0;2;1
;;13 Uhr;;60;2;2;1
;;15 Uhr;;55;0;2;1
;;17 Uhr;;43;0;2;1
;;19 Uhr;;16;0;2;1
;;;;;;;
Mittwoch,;27.6.18;9 Uhr;;49;0;0;0
;;11 Uhr;;62;0;0;0
;;13 Uhr;;50;1;0;0
;;15 Uhr;;58;0;0;0
;;17 Uhr;;38;0;0;0
;;19 Uhr;;16;0;0;0
;;;;;;;
Donnerstag,;28.6.18;9 Uhr;;28;0;3;1
;;11 Uhr;;31;2;3;1
;;13 Uhr;;27;1;3;1
;;15 Uhr;;33;1;0;0
;;17 Uhr;;21;1;0;0
;;19 Uhr;;9;1;0;0
;;;;;;;
Freitag,;29.6.18;9 Uhr;;21;0;0;0
;;11 Uhr;;31;0;0;0
;;13 Uhr;;31;0;0;0
;;15 Uhr;;37;1;0;0
;;17 Uhr;;27;0;0;0
;;19 Uhr;;5;0;0;0
;;;;;;;
Samstag,;30.6.18;9 Uhr;;7;0;0;0
;;11 Uhr;;11;0;0;0
;;13 Uhr;;17;0;0;0
;;15 Uhr;;16;1;0;0
;;17 Uhr;;;;;
;;19 Uhr;;;;;
;;;;;;;
Montag,;2.7.18;9 Uhr;;26;1;0;0
;;11 Uhr;;33;6;0;0
;;13 Uhr;;30;0;0;0
;;15 Uhr;;34;0;0;0
;;17 Uhr;;;;;
;;19 Uhr;;;;;
;;;;;;;
Dienstag,;3.7.18;9 Uhr;;24;0;2;1
;;11 Uhr;;35;0;2;1
;;13 Uhr;;30;1;2;1
;;15 Uhr;;31;2;2;1
;;17 Uhr;;14;0;4;1
;;19 Uhr;;;;;
;;;;;;;
Mittwoch,;4.7.18;9 Uhr;;31;0;0;0
;;11 Uhr;;41;0;7;2
;;13 Uhr;;37;0;7;2
;;15 Uhr;;41;1;3;1
;;17 Uhr;;11;0;2;1
;;19 Uhr;;;;;
;;;;;;;
Donnerstag,;5.7.18;9 Uhr;;23;0;1;1
;;11 Uhr;;33;1;1;1
;;13 Uhr;;22;0;1;1
;;15 Uhr;;30;1;1;1
;;17 Uhr;;22;2;1;1
;;19 Uhr;;;;;
;;;;;;;
Freitag,;6.7.18;9 Uhr;;22;1;2;1
;;11 Uhr;;30;0;3;2
;;13 Uhr;;25;1;2;1
;;15 Uhr;;29;1;2;1
;;17 Uhr;;24;0;2;1
;;19 Uhr;;;;;
;;;;;;;
Samstag,;7.7.18;9 Uhr;;27;0;0;0
;;11 Uhr;;26;0;2;1
;;13 Uhr;;26;2;5;1
;;15 Uhr;;25;0;5;1
;;17 Uhr;;13;0;2;1
;;19 Uhr;;;;;
;;;;;;;
Montag,;9.7.18;9 Uhr;;27;0;0;0
;;11 Uhr;;26;2;2;1
;;13 Uhr;;26;0;5;1
;;15 Uhr;;25;0;5;1
;;17 Uhr;;13;0;2;1
;;19 Uhr;;;;;
;;;;;;;
Dienstag,;10.7.18;9 Uhr;;10;1;1;1
;;11 Uhr;;27;3;1;1
;;13 Uhr;;27;4;0;0
;;15 Uhr;;30;0;1;1
;;17 Uhr;;15;0;1;1
;;19 Uhr;;;;;
;;;;;;;
Mittwoch,;11.7.18;9 Uhr;;13;0;0;0
;;11 Uhr;;23;0;3;2
;;13 Uhr;;21;0;3;2
;;15 Uhr;;28;0;3;2
;;17 Uhr;;20;0;0;0
;;19 Uhr;;;;;
;;;;;;;
Donnerstag,;12.7.18;9 Uhr;;10;0;0;0
;;11 Uhr;;15;1;8;3
;;13 Uhr;;17;0;2;1
;;15 Uhr;;16;1;2;1
;;17 Uhr;;13;0;1;1
;;19 Uhr;;;;;
;;;;;;;
Freitag,;13.7.18;9 Uhr;;15;0;0;0
;;11 Uhr;;19;1;0;0
;;13 Uhr;;15;1;0;0
;;15 Uhr;;16;0;2;1
;;17 Uhr;;14;1;2;1
;;19 Uhr;;;;;
;;;;;;;
Samstag,;14.7.18;9 Uhr;;17;0;2;1
;;11 Uhr;;23;0;2;1
;;13 Uhr;;21;1;2;1
;;15 Uhr;;22;0;2;1
;;17 Uhr;;12;0;2;1
;;19 Uhr;;;;;
;;;;;;;
Montag,;16.7.18;9 Uhr;;17;0;2;1
;;11 Uhr;;23;0;2;1
;;13 Uhr;;21;1;2;1
;;15 Uhr;;22;0;2;1
;;17 Uhr;;12;0;2;1
;;19 Uhr;;;;;
;;;;;;;
Dienstag,;17.7.18;9 Uhr;;15;0;5;2
;;11 Uhr;;21;0;5;2
;;13 Uhr;;17;2;5;2
;;15 Uhr;;21;0;7;3
;;17 Uhr;;8;1;0;0
;;19 Uhr;;;;;
;;;;;;;
Mittwoch,;18.7.18;9 Uhr;;14;0;2;1
;;11 Uhr;;24;1;5;2
;;13 Uhr;;17;0;3;1
;;15 Uhr;;26;1;3;1
;;17 Uhr;;10;0;0;0
;;19 Uhr;;;;;
;;;;;;;
Donnerstag,;19.7.18;9 Uhr;;12;0;4;2
;;11 Uhr;;22;1;5;2
;;13 Uhr;;18;1;5;2
;;15 Uhr;;16;0;3;2
;;17 Uhr;;8;0;2;1
;;19 Uhr;;;;;
;;;;;;;
Freitag,;20.7.18;9 Uhr;;8;0;2;1
;;11 Uhr;;21;2;2;1
;;13 Uhr;;23;2;2;1
;;15 Uhr;;22;0;6;3
;;17 Uhr;;9;0;2;1
;;19 Uhr;;;;;
;;;;;;;
Samstag,;21.7.18;9 Uhr;;;;;
;;11 Uhr;;;;;
;;13 Uhr;;;;;
;;15 Uhr;;;;;
;;17 Uhr;;;;;
;;19 Uhr;;;;;
;;;;;;;
Montag,;23.7.18;9 Uhr;;20;1;7;2
;;11 Uhr;;32;1;7;2
;;13 Uhr;;33;2;7;2
;;15 Uhr;;45;1;7;2
;;17 Uhr;;16;0;0;0
;;19 Uhr;;;;;
;;;;;;;
Dienstag,;24.7.18;9 Uhr;;24;0;6;2
;;11 Uhr;;40;1;6;2
;;13 Uhr;;38;0;6;2
;;15 Uhr;;37;0;6;2
;;17 Uhr;;19;0;0;0
;;19 Uhr;;;;;
;;;;;;;
Mittwoch,;25.7.18;9 Uhr;;24;0;2;1
;;11 Uhr;;29;0;2;1
;;13 Uhr;;27;1;2;1
;;15 Uhr;;33;2;2;1
;;17 Uhr;;18;0;0;0
;;19 Uhr;;;;;
;;;;;;;
Donnerstag,;26.7.18;9 Uhr;;20;1;6;2
;;11 Uhr;;33;0;6;2
;;13 Uhr;;31;0;6;2
;;15 Uhr;;27;0;4;1
;;17 Uhr;;12;1;4;2
;;19 Uhr;;;;;
;;;;;;;
Freitag,;27.7.18;9 Uhr;;18;1;7;2
;;11 Uhr;;29;0;7;2
;;13 Uhr;;25;0;7;2
;;15 Uhr;;31;1;7;2
;;17 Uhr;;15;1;4;1
;;19 Uhr;;;;;
;;;;;;;
Samstag,;28.7.18;9 Uhr;;;;;
;;11 Uhr;;;;;
;;13 Uhr;;;;;
;;15 Uhr;;;;;
;;17 Uhr;;;;;
;;19 Uhr;;;;;
;;;;;;;
Montag,;30.7.18;9 Uhr;;24;0;5;2
;;11 Uhr;;31;0;5;2
;;13 Uhr;;35;1;5;2
;;15 Uhr;;34;0;5;2
;;17 Uhr;;22;0;2;1
;;19 Uhr;;;;;
;;;;;;;
Dienstag,;31.7.18;9 Uhr;;23;0;7;2
;;11 Uhr;;40;1;3;1
;;13 Uhr;;42;0;3;1
;;15 Uhr;;43;0;4;2
;;17 Uhr;;21;1;0;0
;;19 Uhr;;;;;
;;;;;;;
Mittwoch,;1.8.18;9 Uhr;;;;;
;;11 Uhr;;;;;
;;13 Uhr;;;;;
;;15 Uhr;;;;;
;;17 Uhr;;;;;
;;19 Uhr;;;;;
;;;;;;;
Donnerstag,;2.8.18;9 Uhr;;15;1;3;1
;;11 Uhr;;23;4;5;2
;;13 Uhr;;20;0;5;2
;;15 Uhr;;21;0;5;2
;;17 Uhr;;10;1;8;2
;;19 Uhr;;;;;
;;;;;;;
Freitag,;3.8.18;9 Uhr;;17;0;3;1
;;11 Uhr;;28;0;5;2
;;13 Uhr;;29;0;3;1
;;15 Uhr;;26;0;5;2
;;17 Uhr;;10;0;0;0
;;19 Uhr;;;;;
;;;;;;;
Samstag,;4.8.18;9 Uhr;;;;;
;;11 Uhr;;;;;
;;13 Uhr;;;;;
;;15 Uhr;;;;;
;;17 Uhr;;;;;
;;19 Uhr;;;;;
;;;;;;;
Montag,;6.8.18;9 Uhr;;12;0;3;1
;;11 Uhr;;21;0;3;1
;;13 Uhr;;22;0;3;1
;;15 Uhr;;27;1;3;1
;;17 Uhr;;11;0;0;0
;;19 Uhr;;;;;
;;;;;;;
Dienstag,;7.8.18;9 Uhr;;11;0;2;1
;;11 Uhr;;27;0;2;1
;;13 Uhr;;25;0;4;1
;;15 Uhr;;31;2;4;1
;;17 Uhr;;12;0;0;0
;;19 Uhr;;;;;
;;;;;;;
Mittwoch,;8.8.18;9 Uhr;;8;0;0;0
;;11 Uhr;;17;0;2;1
;;13 Uhr;;19;0;0;0
;;15 Uhr;;19;1;0;0
;;17 Uhr;;13;0;0;0
;;19 Uhr;;;;;
;;;;;;;
Donnerstag,;9.8.18;9 Uhr;;10;0;2;1
;;11 Uhr;;23;0;3;1
;;13 Uhr;;22;0;2;1
;;15 Uhr;;22;0;2;1
;;17 Uhr;;13;0;0;0
;;19 Uhr;;;;;
;;;;;;;
Freitag,;10.8.18;9 Uhr;;6;1;3;1
;;11 Uhr;;13;2;7;3
;;13 Uhr;;10;1;2;1
;;15 Uhr;;14;1;6;2
;;17 Uhr;;10;2;2;1
;;19 Uhr;;;;;
;;;;;;;
Samstag,;11.8.18;9 Uhr;;;;;
;;11 Uhr;;;;;
;;13 Uhr;;;;;
;;15 Uhr;;;;;
;;17 Uhr;;;;;
;;19 Uhr;;;;;
;;;;;;;
Montag,;13.8.18;9 Uhr;;4;0;0;0
;;11 Uhr;;12;0;0;0
;;13 Uhr;;15;0;0;0
;;15 Uhr;;13;0;0;0
;;17 Uhr;;11;0;0;0
;;19 Uhr;;;;;
;;;;;;;
Dienstag,;14.8.18;9 Uhr;;18;0;0;0
;;11 Uhr;;26;0;0;0
;;13 Uhr;;15;0;0;0
;;15 Uhr;;23;0;5;2
;;17 Uhr;;10;0;0;0
;;19 Uhr;;;;;
;;;;;;;
Mittwoch,;15.8.18;9 Uhr;;9;0;0;0
;;11 Uhr;;18;1;0;0
;;13 Uhr;;11;0;2;1
;;15 Uhr;;16;0;2;1
;;17 Uhr;;5;0;0;0
;;19 Uhr;;;;;
;;;;;;;
Donnerstag,;16.8.18;9 Uhr;;5;1;0;0
;;11 Uhr;;12;0;0;0
;;13 Uhr;;14;0;0;0
;;15 Uhr;;21;1;0;0
;;17 Uhr;;8;0;2;1
;;19 Uhr;;;;;
;;;;;;;
Freitag,;17.8.18;9 Uhr;;5;1;1;1
;;11 Uhr;;9;1;4;3
;;13 Uhr;;5;0;2;1
;;15 Uhr;;11;0;2;1
;;17 Uhr;;10;0;2;1
;;19 Uhr;;;;;
;;;;;;;
Samstag,;18.8.18;9 Uhr;;;;;
;;11 Uhr;;;;;
;;13 Uhr;;;;;
;;15 Uhr;;;;;
;;17 Uhr;;;;;
;;19 Uhr;;;;;
;;;;;;;
Montag,;20.8.18;9 Uhr;;5;1;0;0
;;11 Uhr;;18;0;4;2
;;13 Uhr;;17;0;4;2
;;15 Uhr;;14;1;4;2
;;17 Uhr;;13;0;2;1
;;19 Uhr;;;;;
;;;;;;;
Dienstag,;21.8.18;9 Uhr;;6;0;1;1
;;11 Uhr;;18;0;3;2
;;13 Uhr;;17;0;3;1
;;15 Uhr;;23;0;3;1
;;17 Uhr;;12;0;5;2
;;19 Uhr;;;;;
;;;;;;;
Mittwoch,;22.8.18;9 Uhr;;9;0;0;0
;;11 Uhr;;17;1;0;0
;;13 Uhr;;13;0;1;1
;;15 Uhr;;20;0;2;1
;;17 Uhr;;6;0;6;3
;;19 Uhr;;;;;
;;;;;;;
Donnerstag,;23.8.18;9 Uhr;;12;0;0;0
;;11 Uhr;;28;0;2;1
;;13 Uhr;;20;0;2;1
;;15 Uhr;;22;0;2;1
;;17 Uhr;;16;0;0;0
;;19 Uhr;;;;;
;;;;;;;
Freitag,;24.8.18;9 Uhr;;3;0;2;1
;;11 Uhr;;12;0;4;2
;;13 Uhr;;9;0;6;3
;;15 Uhr;;12;0;4;2
;;17 Uhr;;8;0;4;2
;;19 Uhr;;;;;
;;;;;;;
Samstag,;25.8.18;9 Uhr;;;;;
;;11 Uhr;;;;;
;;13 Uhr;;;;;
;;15 Uhr;;;;;
;;17 Uhr;;;;;
;;19 Uhr;;;;;
;;;;;;;
Montag,;27.8.18;9 Uhr;;2;0;1;1
;;11 Uhr;;11;0;3;1
;;13 Uhr;;8;0;3;1
;;15 Uhr;;8;0;3;1
;;17 Uhr;;7;1;2;1
;;19 Uhr;;;;;
;;;;;;;
Dienstag,;28.8.18;9 Uhr;;5;0;0;0
;;11 Uhr;;18;0;2;1
;;13 Uhr;;17;0;6;2
;;15 Uhr;;21;1;6;2
;;17 Uhr;;12;0;0;0
;;19 Uhr;;;;;
;;;;;;;
Mittwoch,;29.8.18;9 Uhr;;1;0;0;0
;;11 Uhr;;12;1;0;0
;;13 Uhr;;6;1;0;0
;;15 Uhr;;15;0;0;0
;;17 Uhr;;12;1;0;0
;;19 Uhr;;;;;
;;;;;;;
Donnerstag,;30.8.18;9 Uhr;;7;0;0;0
;;11 Uhr;;14;0;2;1
;;13 Uhr;;7;1;0;0
;;15 Uhr;;13;2;0;0
;;17 Uhr;;9;0;0;0
;;19 Uhr;;;;;
;;;;;;;
Freitag,;31.8.18;9 Uhr;;2;0;0;0
;;11 Uhr;;8;0;6;2
;;13 Uhr;;8;1;3;1
;;15 Uhr;;9;1;3;1
;;17 Uhr;;2;0;0;0
;;19 Uhr;;;;;
;;;;;;;
Samstag,;1.9.18;9 Uhr;;;;;
;;11 Uhr;;;;;
;;13 Uhr;;;;;
;;15 Uhr;;;;;
;;17 Uhr;;;;;
;;19 Uhr;;;;;
;;;;;;;
Montag,;3.9.18;9 Uhr;;2;1;0;0
;;11 Uhr;;8;1;2;1
;;13 Uhr;;8;1;2;1
;;15 Uhr;;12;1;2;1
;;17 Uhr;;7;1;2;1
;;19 Uhr;;;;;
;;;;;;;
Dienstag,;4.9.18;9 Uhr;;10;1;0;0
;;11 Uhr;;12;0;0;0
;;13 Uhr;;12;0;0;0
;;15 Uhr;;15;0;10;3
;;17 Uhr;;13;2;0;0
;;19 Uhr;;;;;
;;;;;;;
Mittwoch,;5.9.18;9 Uhr;;5;0;0;0
;;11 Uhr;;8;0;0;0
;;13 Uhr;;10;0;0;0
;;15 Uhr;;15;0;0;0
;;17 Uhr;;11;0;0;0
;;19 Uhr;;;;;
;;;;;;;
Donnerstag,;6.9.18;9 Uhr;;6;0;0;0
;;11 Uhr;;14;0;3;0
;;13 Uhr;;9;2;0;0
;;15 Uhr;;10;0;0;0
;;17 Uhr;;8;0;0;0
;;19 Uhr;;;;;
;;;;;;;
Freitag,;7.9.18;9 Uhr;;2;0;0;0
;;11 Uhr;;7;0;0;0
;;13 Uhr;;10;0;0;0
;;15 Uhr;;10;2;0;0
;;17 Uhr;;6;2;0;0
;;19 Uhr;;;;;
;;;;;;;
Samstag,;8.9.18;9 Uhr;;;;;
;;11 Uhr;;;;;
;;13 Uhr;;;;;
;;15 Uhr;;;;;
;;17 Uhr;;;;;
;;19 Uhr;;;;;
;;;;;;;
Montag,;10.9.18;9 Uhr;;2;0;0;0
;;11 Uhr;;10;0;4;1
;;13 Uhr;;11;0;1;1
;;15 Uhr;;12;0;0;0
;;17 Uhr;;8;1;0;0
;;19 Uhr;;2;1;0;0
;;;;;;;
Dienstag,;11.9.18;9 Uhr;;6;0;4;1
;;11 Uhr;;12;0;0;0
;;13 Uhr;;14;1;0;0
;;15 Uhr;;19;1;4;1
;;17 Uhr;;12;2;0;0
;;19 Uhr;;5;0;0;0
;;;;;;;
Mittwoch,;12.9.18;9 Uhr;;4;0;0;0
;;11 Uhr;;13;0;0;0
;;13 Uhr;;12;0;0;0
;;15 Uhr;;10;0;0;0
;;17 Uhr;;11;0;0;0
;;19 Uhr;;5;0;0;0
;;;;;;;
Donnerstag,;13.9.18;9 Uhr;;4;0;0;0
;;11 Uhr;;13;0;0;0
;;13 Uhr;;12;0;0;0
;;15 Uhr;;1;0;0;0
;;17 Uhr;;10;1;0;0
;;19 Uhr;;5;0;0;0
;;;;;;;
Freitag,;14.9.18;9 Uhr;;0;0;0;0
;;11 Uhr;;3;0;0;0
;;13 Uhr;;7;1;0;0
;;15 Uhr;;6;1;0;0
;;17 Uhr;;3;0;0;0
;;19 Uhr;;1;0;0;0
;;;;;;;
Samstag,;15.9.18;9 Uhr;;1;0;0;0
;;11 Uhr;;3;0;0;0
;;13 Uhr;;10;0;0;0
;;15 Uhr;;6;1;0;0
;;17 Uhr;;;;;
;;19 Uhr;;;;;
;;;;;;;
Montag,;17.9.18;9 Uhr;;2;1;0;0
;;11 Uhr;;6;0;6;1
;;13 Uhr;;14;0;0;0
;;15 Uhr;;21;1;0;0
;;17 Uhr;;13;0;0;0
;;19 Uhr;;3;0;0;0
;;;;;;;
Dienstag,;18.9.18;9 Uhr;;9;0;1;1
;;11 Uhr;;7;0;2;2
;;13 Uhr;;10;0;1;1
;;15 Uhr;;9;2;0;0
;;17 Uhr;;17;0;6;1
;;19 Uhr;;2;1;0;0
;;;;;;;
Mittwoch,;19.9.18;9 Uhr;;0;0;0;0
;;11 Uhr;;2;0;0;0
;;13 Uhr;;6;0;0;0
;;15 Uhr;;15;4;3;1
;;17 Uhr;;15;0;0;0
;;19 Uhr;;8;1;0;0
;;;;;;;
Donnerstag,;20.9.18;9 Uhr;;3;0;0;0
;;11 Uhr;;11;0;10;2
;;13 Uhr;;8;0;3;1
;;15 Uhr;;10;2;0;0
;;17 Uhr;;12;1;0;0
;;19 Uhr;;4;0;0;0
;;;;;;;
Freitag,;21.9.18;9 Uhr;;6;0;0;0
;;11 Uhr;;18;0;0;0
;;13 Uhr;;15;0;0;0
;;15 Uhr;;26;0;4;1
;;17 Uhr;;21;1;4;1
;;19 Uhr;;4;0;0;0
;;;;;;;
Samstag,;22.9.18;9 Uhr;;0;0;0;0
;;11 Uhr;;6;0;2;1
;;13 Uhr;;14;0;2;1
;;15 Uhr;;19;0;2;1
;;17 Uhr;;;;;
;;19 Uhr;;;;;
;;;;;;;
Montag,;24.9.18;9 Uhr;;12;0;0;0
;;11 Uhr;;18;0;3;1
;;13 Uhr;;15;2;0;0
;;15 Uhr;;32;0;2;1
;;17 Uhr;;29;0;6;1
;;19 Uhr;;11;0;0;0
;;;;;;;
Dienstag,;25.9.18;9 Uhr;;7;0;6;1
;;11 Uhr;;23;0;6;1
;;13 Uhr;;18;3;2;1
;;15 Uhr;;25;0;5;1
;;17 Uhr;;20;0;2;1
;;19 Uhr;;5;0;0;0
;;;;;;;
Mittwoch,;26.9.18;9 Uhr;;4;0;0;0
;;11 Uhr;;25;0;4;2
;;13 Uhr;;28;3;5;2
;;15 Uhr;;25;1;8;2
;;17 Uhr;;26;0;2;1
;;19 Uhr;;8;0;0;0
;;;;;;;
Donnerstag,;27.9.18;9 Uhr;;9;0;0;0
;;11 Uhr;;15;0;0;0
;;13 Uhr;;13;0;4;1
;;15 Uhr;;17;0;4;1
;;17 Uhr;;22;0;4;2
;;19 Uhr;;5;0;0;0
;;;;;;;
Freitag,;28.9.18;9 Uhr;;7;0;2;1
;;11 Uhr;;18;2;2;1
;;13 Uhr;;18;2;0;0
;;15 Uhr;;26;0;4;1
;;17 Uhr;;19;1;2;1
;;19 Uhr;;5;0;0;0
;;;;;;;
Samstag,;29.9.18;9 Uhr;;4;0;0;0
;;11 Uhr;;19;0;0;0
;;13 Uhr;;21;0;0;0
;;15 Uhr;;14;0;0;0
;;17 Uhr;;;;;
;;19 Uhr;;;;;
;;;;;;;
Montag,;1.10.18;9 Uhr;;3;1;0;0
;;11 Uhr;;14;0;4;1
;;13 Uhr;;17;2;9;3
;;15 Uhr;;34;0;0;2
;;17 Uhr;;30;1;2;1
;;19 Uhr;;9;2;3;1
;;;;;;;
Dienstag,;2.10.18;9 Uhr;;5;0;0;0
;;11 Uhr;;20;0;2;1
;;13 Uhr;;15;2;8;3
;;15 Uhr;;25;0;5;2
;;17 Uhr;;31;0;4;1
;;19 Uhr;;10;0;0;0
;;;;;;;
Mittwoch,;3.10.18;9 Uhr;;4;0;3;1
;;11 Uhr;;27;0;8;4
;;13 Uhr;;21;1;8;3
;;15 Uhr;;36;0;3;1
;;17 Uhr;;30;0;5;3
;;19 Uhr;;11;0;3;2
;;;;;;;
Donnerstag,;4.10.18;9 Uhr;;16;0;0;0
;;11 Uhr;;23;0;5;1
;;13 Uhr;;24;0;11;3
;;15 Uhr;;29;1;8;3
;;17 Uhr;;20;1;5;2
;;19 Uhr;;4;2;0;0
;;;;;;;
Freitag,;5.10.18;9 Uhr;;11;0;0;0
;;11 Uhr;;20;2;0;0
;;13 Uhr;;20;1;0;0
;;15 Uhr;;31;0;6;2
;;17 Uhr;;18;0;3;2
;;19 Uhr;;5;0;0;0
;;;;;;;
Samstag,;6.10.18;9 Uhr;;5;1;0;0
;;11 Uhr;;9;0;0;0
;;13 Uhr;;9;0;2;1
;;15 Uhr;;15;2;2;1
;;17 Uhr;;;;;
;;19 Uhr;;;;;
;;;;;;;
Montag,;8.10.18;9 Uhr;;7;0;2;1
;;11 Uhr;;24;0;13;3
;;13 Uhr;;27;1;9;3
;;15 Uhr;;41;1;4;1
;;17 Uhr;;28;1;5;2
;;19 Uhr;;3;1;3;1
;;;;;;;
Dienstag,;9.10.18;9 Uhr;;4;0;0;0
;;11 Uhr;;28;3;4;1
;;13 Uhr;;28;0;0;0
;;15 Uhr;;37;0;7;2
;;17 Uhr;;24;1;0;0
;;19 Uhr;;9;1;2;1
;;;;;;;
Mittwoch,;10.10.18;9 Uhr;;9;0;4;2
;;11 Uhr;;17;0;13;3
;;13 Uhr;;16;0;5;2
;;15 Uhr;;21;1;5;1
;;17 Uhr;;27;3;6;2
;;19 Uhr;;8;0;2;1
;;;;;;;
Donnerstag,;11.10.18;9 Uhr;;6;0;2;1
;;11 Uhr;;23;0;11;3
;;13 Uhr;;19;2;10;3
;;15 Uhr;;27;1;10;3
;;17 Uhr;;21;2;8;3
;;19 Uhr;;3;1;0;0
;;;;;;;
Freitag,;12.10.18;9 Uhr;;6;0;0;0
;;11 Uhr;;17;2;8;3
;;13 Uhr;;24;1;8;3
;;15 Uhr;;29;0;6;2
;;17 Uhr;;13;0;3;2
;;19 Uhr;;1;0;0;0
;;;;;;;
Samstag,;13.10.18;9 Uhr;;2;0;2;1
;;11 Uhr;;18;0;6;2
;;13 Uhr;;16;0;9;2
;;15 Uhr;;17;0;8;2
;;17 Uhr;;;;;
;;19 Uhr;;;;;
;;;;;;;
Montag,;15.10.18;9 Uhr;;9;0;0;0
;;11 Uhr;;23;0;1;1
;;13 Uhr;;26;0;2;1
;;15 Uhr;;38;1;8;3
;;17 Uhr;;37;0;4;1
;;19 Uhr;;9;1;2;1
;;;;;;;
Dienstag,;16.10.18;9 Uhr;;7;0;0;0
;;11 Uhr;;21;0;9;2
;;13 Uhr;;22;0;10;3
;;15 Uhr;;42;0;8;3
;;17 Uhr;;32;1;5;2
;;19 Uhr;;8;0;4;1
;;;;;;;
Mittwoch,;17.10.18;9 Uhr;;7;0;8;3
;;11 Uhr;;23;1;14;3
;;13 Uhr;;22;0;12;3
;;15 Uhr;;41;0;10;3
;;17 Uhr;;32;0;9;2
;;19 Uhr;;12;0;0;0
;;;;;;;
Donnerstag,;18.10.18;9 Uhr;;13;0;0;0
;;11 Uhr;;20;2;9;3
;;13 Uhr;;31;2;8;2
;;15 Uhr;;43;2;10;3
;;17 Uhr;;28;1;0;0
;;19 Uhr;;11;0;0;0
;;;;;;;
Freitag,;19.10.18;9 Uhr;;3;0;0;0
;;11 Uhr;;20;0;13;3
;;13 Uhr;;22;0;5;2
;;15 Uhr;;30;0;3;1
;;17 Uhr;;23;1;2;1
;;19 Uhr;;7;0;1;1
;;;;;;;
Samstag,;20.10.18;9 Uhr;;2;0;0;0
;;11 Uhr;;19;0;7;2
;;13 Uhr;;28;0;5;2
;;15 Uhr;;20;1;7;2
;;17 Uhr;;;;;
;;19 Uhr;;;;;
;;;;;;;
Montag,;22.10.18;9 Uhr;;10;0;3;1
;;11 Uhr;;16;1;6;2
;;13 Uhr;;32;0;11;3
;;15 Uhr;;41;1;7;3
;;17 Uhr;;39;2;4;2
;;19 Uhr;;8;0;0;0
;;;;;;;
Dienstag,;23.10.18;9 Uhr;;8;0;3;1
;;11 Uhr;;31;1;9;3
;;13 Uhr;;33;0;6;2
;;15 Uhr;;62;1;15;3
;;17 Uhr;;39;2;11;3
;;19 Uhr;;10;2;5;1
;;;;;;;
Mittwoch,;24.10.18;9 Uhr;;3;0;0;0
;;11 Uhr;;24;0;9;3
;;13 Uhr;;27;0;10;3
;;15 Uhr;;39;0;7;3
;;17 Uhr;;40;0;8;3
;;19 Uhr;;13;0;0;0
;;;;;;;
Donnerstag,;25.10.18;9 Uhr;;13;0;0;0
;;11 Uhr;;25;0;0;0
;;13 Uhr;;19;0;9;2
;;15 Uhr;;24;1;7;2
;;17 Uhr;;28;0;3;1
;;19 Uhr;;11;0;0;0
;;;;;;;
Freitag,;26.10.18;9 Uhr;;14;0;0;0
;;11 Uhr;;28;1;2;1
;;13 Uhr;;42;1;9;3
;;15 Uhr;;48;1;8;2
;;17 Uhr;;29;1;7;2
;;19 Uhr;;7;0;0;0
;;;;;;;
Samstag,;27.10.18;9 Uhr;;2;0;0;0
;;11 Uhr;;10;1;5;2
;;13 Uhr;;14;1;11;3
;;15 Uhr;;17;1;12;4
;;17 Uhr;;;;;
;;19 Uhr;;;;;
;;;;;;;
Montag,;29.10.18;9 Uhr;;4;0;2;1
;;11 Uhr;;15;0;12;3
;;13 Uhr;;28;1;9;2
;;15 Uhr;;30;0;10;3
;;17 Uhr;;25;3;2;1
;;19 Uhr;;8;0;5;2
;;;;;;;
Dienstag,;30.10.18;9 Uhr;;14;0;10;3
;;11 Uhr;;28;0;11;3
;;13 Uhr;;24;0;7;2
;;15 Uhr;;31;0;6;2
;;17 Uhr;;24;0;3;1
;;19 Uhr;;9;0;3;1
;;;;;;;
Mittwoch,;31.10.18;9 Uhr;;4;1;0;0
;;11 Uhr;;30;0;5;2
;;13 Uhr;;34;1;10;3
;;15 Uhr;;38;1;11;3
;;17 Uhr;;40;1;7;2
;;19 Uhr;;12;0;3;1
;;;;;;;
Donnerstag,;1.11.18;9 Uhr;;13;2;2;1
;;11 Uhr;;31;1;6;3
;;13 Uhr;;42;1;10;3
;;15 Uhr;;55;0;3;1
;;17 Uhr;;33;0;6;2
;;19 Uhr;;13;0;1;1
;;;;;;;
Freitag,;2.11.18;9 Uhr;;15;0;0;0
;;11 Uhr;;22;0;4;2
;;13 Uhr;;23;1;2;1
;;15 Uhr;;34;2;0;0
;;17 Uhr;;15;0;0;0
;;19 Uhr;;3;0;0;0
;;;;;;;
Samstag,;3.11.18;9 Uhr;;0;0;1;1
;;11 Uhr;;15;0;7;3
;;13 Uhr;;26;0;5;2
;;15 Uhr;;29;1;5;2
;;17 Uhr;;;;;
;;19 Uhr;;;;;
;;;;;;;
Montag,;5.11.18;9 Uhr;;9;0;4;1
;;11 Uhr;;24;0;4;1
;;13 Uhr;;40;4;8;2
;;15 Uhr;;44;1;6;2
;;17 Uhr;;43;1;7;2
;;19 Uhr;;16;1;4;1
;;;;;;;
Dienstag,;6.11.18;9 Uhr;;8;1;3;1
;;11 Uhr;;28;1;12;3
;;13 Uhr;;36;0;10;3
;;15 Uhr;;33;0;10;3
;;17 Uhr;;16;1;7;2
;;19 Uhr;;9;1;3;1
;;;;;;;
Mittwoch,;7.11.18;9 Uhr;;9;0;8;3
;;11 Uhr;;33;0;14;3
;;13 Uhr;;34;1;10;3
;;15 Uhr;;59;0;10;3
;;17 Uhr;;53;1;6;2
;;19 Uhr;;16;0;6;2
;;;;;;;
Donnerstag,;8.11.18;9 Uhr;;15;0;3;1
;;11 Uhr;;25;0;8;2
;;13 Uhr;;29;2;9;3
;;15 Uhr;;38;1;9;3
;;17 Uhr;;27;2;4;2
;;19 Uhr;;12;0;0;0
;;;;;;;
Freitag,;9.11.18;9 Uhr;;17;0;0;0
;;11 Uhr;;28;0;5;2
;;13 Uhr;;24;0;6;2
;;15 Uhr;;34;0;4;2
;;17 Uhr;;15;1;0;0
;;19 Uhr;;6;0;0;0
;;;;;;;
Samstag,;10.11.18;9 Uhr;;11;0;0;0
;;11 Uhr;;27;0;0;0
;;13 Uhr;;31;0;8;2
;;15 Uhr;;36;1;0;0
;;17 Uhr;;;;;
;;19 Uhr;;;;;
;;;;;;;
Montag,;12.11.18;9 Uhr;;9;0;0;0
;;11 Uhr;;24;1;13;3
;;13 Uhr;;31;1;12;3
;;15 Uhr;;43;0;12;3
;;17 Uhr;;36;0;3;1
;;19 Uhr;;10;1;3;1
;;;;;;;
Dienstag,;13.11.18;9 Uhr;;7;0;0;0
;;11 Uhr;;33;0;11;3
;;13 Uhr;;43;2;13;3
;;15 Uhr;;39;2;5;2
;;17 Uhr;;35;1;9;3
;;19 Uhr;;18;1;3;1
;;;;;;;
Mittwoch,;14.11.18;9 Uhr;;13;0;2;1
;;11 Uhr;;29;0;7;3
;;13 Uhr;;35;0;9;3
;;15 Uhr;;40;0;6;2
;;17 Uhr;;39;1;6;2
;;19 Uhr;;13;2;2;1
;;;;;;;
Donnerstag,;15.11.18;9 Uhr;;6;0;4;1
;;11 Uhr;;19;1;8;2
;;13 Uhr;;35;0;10;3
;;15 Uhr;;46;0;11;3
;;17 Uhr;;31;0;8;3
;;19 Uhr;;5;0;2;1
;;;;;;;
Freitag,;16.11.18;9 Uhr;;12;0;0;0
;;11 Uhr;;23;0;4;2
;;13 Uhr;;36;0;5;2
;;15 Uhr;;48;1;8;3
;;17 Uhr;;29;1;2;1
;;19 Uhr;;14;0;2;1
;;;;;;;
Samstag,;17.11.18;9 Uhr;;6;0;2;1
;;11 Uhr;;30;1;9;3
;;13 Uhr;;34;0;10;3
;;15 Uhr;;37;0;3;1
;;17 Uhr;;;;;
;;19 Uhr;;;;;
;;;;;;;
Montag,;19.11.18;9 Uhr;;15;1;0;0
;;11 Uhr;;35;0;10;3
;;13 Uhr;;43;0;9;3
;;15 Uhr;;51;1;9;3
;;17 Uhr;;34;0;7;2
;;19 Uhr;;16;3;0;0
;;;;;;;
Dienstag,;20.11.18;9 Uhr;;17;0;8;2
;;11 Uhr;;45;0;9;3
;;13 Uhr;;48;2;2;3
;;15 Uhr;;44;0;6;2
;;17 Uhr;;44;0;7;2
;;19 Uhr;;22;1;4;1
;;;;;;;
Mittwoch,;21.11.18;9 Uhr;;7;0;0;0
;;11 Uhr;;23;0;4;1
;;13 Uhr;;33;1;1;1
;;15 Uhr;;41;0;7;3
;;17 Uhr;;32;1;3;1
;;19 Uhr;;9;0;0;0
;;;;;;;
Donnerstag,;22.11.18;9 Uhr;;8;0;0;0
;;11 Uhr;;28;0;4;1
;;13 Uhr;;37;0;4;1
;;15 Uhr;;41;0;8;3
;;17 Uhr;;31;0;5;2
;;19 Uhr;;5;0;0;0
;;;;;;;
Freitag,;23.11.18;9 Uhr;;16;0;3;1
;;11 Uhr;;37;1;3;1
;;13 Uhr;;31;2;2;1
;;15 Uhr;;41;1;7;2
;;17 Uhr;;18;0;0;0
;;19 Uhr;;6;0;0;0
;;;;;;;
Samstag,;24.11.18;9 Uhr;;11;0;6;2
;;11 Uhr;;29;0;8;2
;;13 Uhr;;31;0;11;3
;;15 Uhr;;27;1;8;2
;;17 Uhr;;;;;
;;19 Uhr;;;;;
;;;;;;;
Montag,;26.11.18;9 Uhr;;13;0;0;0
;;11 Uhr;;31;1;8;3
;;13 Uhr;;33;1;10;3
;;15 Uhr;;38;1;9;3
;;17 Uhr;;30;0;2;1
;;19 Uhr;;7;0;4;1
;;;;;;;
Dienstag,;27.11.18;9 Uhr;;9;0;0;0
;;11 Uhr;;41;0;12;3
;;13 Uhr;;49;0;7;2
;;15 Uhr;;61;1;10;3
;;17 Uhr;;56;0;5;2
;;19 Uhr;;25;1;4;2
;;;;;;;
Mittwoch,;28.11.18;9 Uhr;;7;0;0;0
;;11 Uhr;;25;1;8;3
;;13 Uhr;;28;0;6;3
;;15 Uhr;;40;1;10;3
;;17 Uhr;;43;1;12;3
;;19 Uhr;;15;0;4;1
;;;;;;;
Donnerstag,;29.11.18;9 Uhr;;12;1;0;0
;;11 Uhr;;25;0;7;2
;;13 Uhr;;35;1;9;2
;;15 Uhr;;44;1;2;1
;;17 Uhr;;39;1;1;1
;;19 Uhr;;19;0;2;1
;;;;;;;
Freitag,;30.11.18;9 Uhr;;8;0;4;1
;;11 Uhr;;20;0;10;3
;;13 Uhr;;43;1;4;1
;;15 Uhr;;55;1;4;1
;;17 Uhr;;36;0;3;2
;;19 Uhr;;8;0;0;0
;;;;;;;
Samstag,;1.12.18;9 Uhr;;6;0;2;1
;;11 Uhr;;27;0;3;1
;;13 Uhr;;39;1;4;2
;;15 Uhr;;40;0;5;2
;;17 Uhr;;;;;
;;19 Uhr;;;;;
;;;;;;;
Montag,;3.12.18;9 Uhr;;8;0;0;0
;;11 Uhr;;35;0;14;3
;;13 Uhr;;41;2;13;3
;;15 Uhr;;52;1;12;3
;;17 Uhr;;45;0;6;2
;;19 Uhr;;14;0;4;2
;;;;;;;
Dienstag,;4.12.18;9 Uhr;;10;0;4;1
;;11 Uhr;;32;0;10;3
;;13 Uhr;;30;1;3;1
;;15 Uhr;;42;2;13;3
;;17 Uhr;;45;0;9;2
;;19 Uhr;;18;1;4;1
;;;;;;;
Mittwoch,;5.12.18;9 Uhr;;5;1;4;2
;;11 Uhr;;23;0;8;3
;;13 Uhr;;36;0;6;3
;;15 Uhr;;49;0;5;2
;;17 Uhr;;43;0;4;1
;;19 Uhr;;12;1;4;1
;;;;;;;
Donnerstag,;6.12.18;9 Uhr;;10;1;0;0
;;11 Uhr;;29;0;0;0
;;13 Uhr;;42;1;5;1
;;15 Uhr;;51;1;10;3
;;17 Uhr;;46;0;6;2
;;19 Uhr;;18;0;2;1
;;;;;;;
Freitag,;7.12.18;9 Uhr;;8;0;2;1
;;11 Uhr;;33;0;4;2
;;13 Uhr;;41;0;7;2
;;15 Uhr;;54;2;2;1
;;17 Uhr;;32;1;3;1
;;19 Uhr;;8;1;2;1
;;;;;;;
Samstag,;8.12.18;9 Uhr;;8;0;4;1
;;11 Uhr;;34;0;9;3
;;13 Uhr;;60;2;7;3
;;15 Uhr;;42;3;8;2
;;17 Uhr;;;;;
;;19 Uhr;;;;;
;;;;;;;
Montag,;10.12.18;9 Uhr;;;;;
;;11 Uhr;;;;;
;;13 Uhr;;;;;
;;15 Uhr;;;;;
;;17 Uhr;;;;;
;;19 Uhr;;;;;
;;;;;;;
Dienstag,;11.12.18;9 Uhr;;;;;
;;11 Uhr;;;;;
;;13 Uhr;;;;;
;;15 Uhr;;;;;
;;17 Uhr;;;;;
;;19 Uhr;;;;;
;;;;;;;
Mittwoch,;12.12.18;9 Uhr;;;;;
;;11 Uhr;;;;;
;;13 Uhr;;;;;
;;15 Uhr;;;;;
;;17 Uhr;;;;;
;;19 Uhr;;;;;
;;;;;;;
Donnerstag,;13.12.18;9 Uhr;;;;;
;;11 Uhr;;;;;
;;13 Uhr;;;;;
;;15 Uhr;;;;;
;;17 Uhr;;;;;
;;19 Uhr;;;;;
;;;;;;;
Freitag,;14.12.18;9 Uhr;;;;;
;;11 Uhr;;;;;
;;13 Uhr;;;;;
;;15 Uhr;;;;;
;;17 Uhr;;;;;
;;19 Uhr;;;;;
;;;;;;;
Samstag,;15.12.18;9 Uhr;;;;;
;;11 Uhr;;;;;
;;13 Uhr;;;;;
;;15 Uhr;;;;;
;;17 Uhr;;;;;
;;19 Uhr;;;;;
;;;;;;;
Montag,;17.12.18;9 Uhr;;;;;
;;11 Uhr;;;;;
;;13 Uhr;;;;;
;;15 Uhr;;;;;
;;17 Uhr;;;;;
;;19 Uhr;;;;;
;;;;;;;
Dienstag,;18.12.18;9 Uhr;;;;;
;;11 Uhr;;;;;
;;13 Uhr;;;;;
;;15 Uhr;;;;;
;;17 Uhr;;;;;
;;19 Uhr;;;;;
;;;;;;;
Mittwoch,;19.12.18;9 Uhr;;;;;
;;11 Uhr;;;;;
;;13 Uhr;;;;;
;;15 Uhr;;;;;
;;17 Uhr;;;;;
;;19 Uhr;;;;;
;;;;;;;
Donnerstag,;20.12.18;9 Uhr;;;;;
;;11 Uhr;;;;;
;;13 Uhr;;;;;
;;15 Uhr;;;;;
;;17 Uhr;;;;;
;;19 Uhr;;;;;
;;;;;;;
Freitag,;21.12.18;9 Uhr;;;;;
;;11 Uhr;;;;;
;;13 Uhr;;;;;
;;15 Uhr;;;;;
;;17 Uhr;;;;;
;;19 Uhr;;;;;
;;;;;;;
Samstag,;22.12.18;9 Uhr;;;;;
;;11 Uhr;;;;;
;;13 Uhr;;;;;
;;15 Uhr;;;;;
;;17 Uhr;;;;;
;;19 Uhr;;;;;
;;;;;;;
Montag,;24.12.18;9 Uhr;;;;;
;;11 Uhr;;;;;
;;13 Uhr;;;;;
;;15 Uhr;;;;;
;;17 Uhr;;;;;
;;19 Uhr;;;;;
;;;;;;;
Dienstag,;25.12.18;9 Uhr;;;;;
;;11 Uhr;;;;;
;;13 Uhr;;;;;
;;15 Uhr;;;;;
;;17 Uhr;;;;;
;;19 Uhr;;;;;
;;;;;;;
Mittwoch,;26.12.18;9 Uhr;;;;;
;;11 Uhr;;;;;
;;13 Uhr;;;;;
;;15 Uhr;;;;;
;;17 Uhr;;;;;
;;19 Uhr;;;;;
;;;;;;;
Donnerstag,;27.12.18;9 Uhr;;;;;
;;11 Uhr;;;;;
;;13 Uhr;;;;;
;;15 Uhr;;;;;
;;17 Uhr;;;;;
;;19 Uhr;;;;;
;;;;;;;
Freitag,;28.12.18;9 Uhr;;;;;
;;11 Uhr;;;;;
;;13 Uhr;;;;;
;;15 Uhr;;;;;
;;17 Uhr;;;;;
;;19 Uhr;;;;;
;;;;;;;
Samstag,;29.12.18;9 Uhr;;;;;
;;11 Uhr;;;;;
;;13 Uhr;;;;;
;;15 Uhr;;;;;
;;17 Uhr;;;;;
;;19 Uhr;;;;;
;;;;;;;
Montag,;31.12.18;9 Uhr;;;;;
;;11 Uhr;;;;;
;;13 Uhr;;;;;
;;15 Uhr;;;;;
;;17 Uhr;;;;;
;;19 Uhr;;;;;
